Graph_ID,p,optimizer,approx_ratio,expected_cut,best_cut,iterations,final_cost,time_s,status
18,1,COBYLA,0.80082,12.0123,15,34,-6.024599999999982,0.5288829803466797,ok
18,1,L-BFGS-B,0.5995133333333332,8.9927,9,6,0.014600000000000012,0.101287841796875,ok
18,1,SPSA,0.75904,11.3856,15,107,-4.771199999999985,1.737671136856079,ok
18,1,Basin-Hopping,0.8001533333333334,12.0023,15,294,-6.00459999999997,4.5743372440338135,ok
