Graph_ID,Original_Delta_min,Trial,Weights,Weighted_Delta_min,s_at_min,Gap_Change_Percent,Num_Evals,Weight_Attempts,Trial_Time_s
10,0.4662412252266481,10,"[np.float64(0.1374500217332919), np.float64(0.2978063057706903), np.float64(1.6198405622090597), np.float64(0.43923485790323386), np.float64(1.340217604918562), np.float64(0.5525472839887804), np.float64(0.2889386462427558), np.float64(0.5620271628989627), np.float64(1.4723071705257524), np.float64(1.7258232894019427), np.float64(1.677417742677284), np.float64(0.8546487062750642), np.float64(1.3693617594842276), np.float64(0.4894701612900598), np.float64(0.6569806874959252), np.float64(1.8030380551901275), np.float64(0.12470365467039847), np.float64(0.26246620862348935)]",0.09443510899612662,0.6299330260590058,-79.74543993825942,9,1,0.17295265197753906
